23596396;signature;tcn975;2026-06-09 06:38:45 2026-06-09 06:40:14;89.290;602.0;664127074526;3.5;0;0.309418
23595480;signature;tcn724;2026-06-09 04:08:23 2026-06-09 04:08:43;19.702;500.5;121376407973;3.1;0;0.287142
23595453;signature;tcn669;2026-06-09 04:08:24 2026-06-09 04:08:44;19.849;462.6;121316300164;3.0;0;0.286335
23595401;signature;tcn669;2026-06-09 04:51:59 2026-06-09 04:57:42;343.182;457.7;2599978820629;3.2;0;0.309023
23595387;signature;tcn627;2026-06-09 04:49:59 2026-06-09 04:55:46;347.681;693.5;2598531771650;3.2;0;0.314364
23595373;signature;tcn666;2026-06-09 04:05:26 2026-06-09 04:05:35;8.692;248.0;12599771828;5.5;0;0.429407
23595359;signature;tcn671;2026-06-09 04:04:23 2026-06-09 04:04:29;4.704;446.4;12600414291;10.1;0;0.427279
23595344;signature;tcn734;2026-06-09 04:15:25 2026-06-09 04:17:00;94.171;203.0;664131143886;3.4;0;0.306015
23595329;signature;tcn627;2026-06-09 04:15:25 2026-06-09 04:16:59;94.225;714.6;663646866908;3.3;0;0.307311
23595258;signature;tcn1040;2026-06-09 03:56:49 2026-06-09 03:57:09;19.451;276.2;121529087502;3.1;0;0.286606
23595206;signature;tcn590;2026-06-09 03:50:18 2026-06-09 03:50:38;19.247;300.6;121323316958;3.1;0;0.287197
23594806;signature;tcn1147;2026-06-09 02:56:16 2026-06-09 02:56:38;21.268;293.8;121122684659;2.8;0;0.286036
23594790;signature;tcn1143;2026-06-09 02:56:16 2026-06-09 02:56:36;19.574;288.6;121368394519;3.1;0;0.286662
23594683;signature;tcn860;2026-06-09 03:49:49 2026-06-09 03:55:31;341.773;286.0;2600277167123;3.3;0;0.306416
23594655;signature;tcn814;2026-06-09 03:49:21 2026-06-09 03:55:09;347.034;277.9;2596856857680;3.2;0;0.309539
23594612;signature;tcn1000;2026-06-09 02:52:12 2026-06-09 02:52:24;12.095;220.0;12597289045;3.9;0;0.437382
23594583;signature;tcn1185;2026-06-09 02:52:12 2026-06-09 02:52:17;4.854;234.3;12592731199;9.8;0;0.420864
23594567;signature;tcn1004;2026-06-09 03:09:45 2026-06-09 03:11:14;88.874;287.4;663756637318;3.6;0;0.304428
23594552;signature;tcn1010;2026-06-09 03:09:14 2026-06-09 03:10:46;91.729;278.6;663748257564;3.4;0;0.307164
23035692;signature;tcn1043;2026-05-22 06:08:05 2026-05-22 06:14:00;354.577;302.3;2599803787169;3.1;0;0.307562
23035675;signature;tcn1030;2026-05-22 06:07:09 2026-05-22 06:13:19;369.980;277.5;2599261152529;3.0;0;0.307240
23035622;signature;tcn749;2026-05-22 05:20:27 2026-05-22 05:20:49;21.120;279.4;12472336268;2.2;0;0.440141
23035606;signature;tcn743;2026-05-22 05:20:23 2026-05-22 05:20:29;5.257;277.7;12538526503;9.0;0;0.425171
23035588;signature;tcn762;2026-05-22 05:31:25 2026-05-22 05:32:56;91.061;283.0;663072116026;3.5;0;0.305582
23035566;signature;tcn744;2026-05-22 05:31:25 2026-05-22 05:32:56;91.139;276.2;663982364593;3.5;0;0.308090
23596459;buckets;tcn734;2026-06-09 06:40:45 2026-06-09 06:40:47;1.363;264.0;3155427941;13.0;0;0.464392
23596458;buckets;tcn733;2026-06-09 06:40:45 2026-06-09 06:40:47;1.182;86.0;3106143950;15.0;0;0.463202
23596457;buckets;tcn733;2026-06-09 06:40:46 2026-06-09 06:40:48;1.845;328.0;3165247120;9.6;0;0.454750
23596456;buckets;tcn733;2026-06-09 06:40:46 2026-06-09 06:40:49;2.849;0.0;3194361703;6.2;0;0.450125
23596455;buckets;tcn733;2026-06-09 06:40:46 2026-06-09 06:40:47;0.944;0.0;3223334855;18.7;0;0.446226
23596454;buckets;tcn724;2026-06-09 06:40:45 2026-06-09 06:40:49;3.849;514.0;3105947305;4.6;0;0.478356
23596453;buckets;tcn724;2026-06-09 06:40:45 2026-06-09 06:40:49;3.817;513.0;3119150858;4.6;0;0.472725
23596452;buckets;tcn679;2026-06-09 06:40:45 2026-06-09 06:40:50;4.319;301.0;3141620949;4.1;0;0.464072
23596451;buckets;tcn671;2026-06-09 06:40:44 2026-06-09 06:40:48;3.161;493.7;3152452385;5.6;0;0.463344
23596450;buckets;tcn669;2026-06-09 06:40:45 2026-06-09 06:40:47;2.420;381.3;3154074530;7.3;0;0.467676
23596449;buckets;tcn627;2026-06-09 06:40:46 2026-06-09 06:40:48;2.173;534.7;3168250166;8.1;0;0.464446
23596448;buckets;tcn617;2026-06-09 06:40:45 2026-06-09 06:40:49;4.341;606.4;3209673670;4.1;0;0.459733
23596447;buckets;tcn975;2026-06-09 06:40:44 2026-06-09 06:40:45;0.839;364.0;3150128466;21.1;0;0.458152
23596398;buckets;tcn734;2026-06-09 06:40:46 2026-06-09 06:40:48;2.300;0.0;3169483707;7.7;0;0.461073
23595909;buckets;tcn734;2026-06-09 04:58:30 2026-06-09 04:58:33;3.187;261.0;7807591373;9.4;0;0.384728
23595908;buckets;tcn733;2026-06-09 04:58:31 2026-06-09 04:58:35;3.524;325.0;7750552850;8.5;0;0.379868
23595907;buckets;tcn733;2026-06-09 04:58:29 2026-06-09 04:58:32;1.966;166.0;7759514783;15.3;0;0.378832
23595906;buckets;tcn733;2026-06-09 04:58:30 2026-06-09 04:58:36;4.585;486.0;7687343291;6.6;0;0.409304
23595905;buckets;tcn733;2026-06-09 04:58:31 2026-06-09 04:58:33;1.544;209.0;7716471307;19.5;0;0.382639
23595904;buckets;tcn729;2026-06-09 04:58:29 2026-06-09 04:58:32;1.893;110.0;7690779632;15.9;0;0.388012
23595903;buckets;tcn729;2026-06-09 04:58:30 2026-06-09 04:58:35;4.926;333.0;7664747049;6.1;0;0.390767
23595902;buckets;tcn729;2026-06-09 04:58:30 2026-06-09 04:58:32;1.975;312.0;7744365826;15.2;0;0.392523
23595901;buckets;tcn679;2026-06-09 04:58:30 2026-06-09 04:58:32;1.838;716.8;7769424919;16.3;0;0.381760
23595900;buckets;tcn671;2026-06-09 04:58:29 2026-06-09 04:58:33;3.856;711.2;7729726147;7.8;0;0.385477
23595899;buckets;tcn669;2026-06-09 04:58:29 2026-06-09 04:58:33;3.753;303.8;7711462986;8.0;0;0.384327
23595898;buckets;tcn667;2026-06-09 04:58:30 2026-06-09 04:58:36;4.854;406.4;7733834713;6.2;0;0.398758
23595897;buckets;tcn667;2026-06-09 04:58:31 2026-06-09 04:58:34;3.154;270.0;7830942615;9.5;0;0.381147
23595893;buckets;tcn733;2026-06-09 04:56:30 2026-06-09 04:56:35;4.518;318.0;7743945394;6.7;0;0.384331
23595892;buckets;tcn733;2026-06-09 04:56:30 2026-06-09 04:56:34;3.950;109.0;7652311528;7.6;0;0.390121
23595891;buckets;tcn729;2026-06-09 04:56:31 2026-06-09 04:56:36;4.093;78.0;7787396389;7.3;0;0.389323
23595890;buckets;tcn729;2026-06-09 04:56:31 2026-06-09 04:56:35;2.541;0.0;7689498060;11.8;0;0.390701
23595889;buckets;tcn729;2026-06-09 04:56:32 2026-06-09 04:56:36;3.530;166.0;7708404504;8.5;0;0.389026
23595888;buckets;tcn729;2026-06-09 04:56:31 2026-06-09 04:56:36;3.601;110.0;7741623412;8.3;0;0.386460
23595887;buckets;tcn729;2026-06-09 04:56:32 2026-06-09 04:56:35;2.580;0.0;7701127160;11.7;0;0.385467
23595886;buckets;tcn729;2026-06-09 04:56:32 2026-06-09 04:56:35;2.514;0.0;7754229166;12.0;0;0.385465
23595885;buckets;tcn729;2026-06-09 04:56:31 2026-06-09 04:56:35;3.141;37.0;7718070193;9.6;0;0.390465
23595884;buckets;tcn729;2026-06-09 04:56:32 2026-06-09 04:56:37;4.677;330.0;7871902254;6.4;0;0.399157
23595883;buckets;tcn679;2026-06-09 04:56:29 2026-06-09 04:56:34;4.858;453.6;7743841692;6.2;0;0.385853
23595882;buckets;tcn671;2026-06-09 04:56:29 2026-06-09 04:56:33;3.842;408.6;7734990129;7.8;0;0.387941
23595881;buckets;tcn627;2026-06-09 04:56:29 2026-06-09 04:56:33;3.703;445.1;7772931671;8.1;0;0.387183
23595639;buckets;tcn814;2026-06-09 04:17:55 2026-06-09 04:17:58;1.957;152.0;3153125739;9.0;0;0.456349
23595638;buckets;tcn814;2026-06-09 04:17:55 2026-06-09 04:17:58;1.949;152.0;3186131667;9.1;0;0.453528
23595637;buckets;tcn734;2026-06-09 04:17:54 2026-06-09 04:17:56;0.966;0.0;3158459699;18.3;0;0.461397
23595636;buckets;tcn729;2026-06-09 04:17:57 2026-06-09 04:17:59;1.913;440.0;3162620830;9.2;0;0.456554
23595635;buckets;tcn729;2026-06-09 04:17:57 2026-06-09 04:17:59;1.881;293.0;3171633326;9.4;0;0.455983
23595634;buckets;tcn729;2026-06-09 04:17:56 2026-06-09 04:17:58;0.919;0.0;3160645479;19.2;0;0.455387
23595633;buckets;tcn729;2026-06-09 04:17:56 2026-06-09 04:17:59;1.862;219.0;3153485370;9.5;0;0.457940
23595632;buckets;tcn729;2026-06-09 04:17:56 2026-06-09 04:18:01;3.885;586.0;3150495393;4.6;0;0.457302
23595631;buckets;tcn729;2026-06-09 04:17:56 2026-06-09 04:17:58;0.893;0.0;3142210597;19.8;0;0.461461
23595625;buckets;tcn835;2026-06-09 04:17:27 2026-06-09 04:17:36;8.259;370.0;3142178526;2.1;0;0.486860
23595624;buckets;tcn835;2026-06-09 04:17:27 2026-06-09 04:17:33;5.300;185.0;3180541431;3.3;0;0.487281
23595623;buckets;tcn828;2026-06-09 04:17:27 2026-06-09 04:17:33;5.702;272.0;3146692315;3.1;0;0.479798
23595622;buckets;tcn828;2026-06-09 04:17:27 2026-06-09 04:17:33;5.292;303.0;3162641126;3.3;0;0.485844
23595621;buckets;tcn814;2026-06-09 04:17:27 2026-06-09 04:17:33;5.158;58.0;3123855789;3.4;0;0.471689
23595620;buckets;tcn814;2026-06-09 04:17:26 2026-06-09 04:17:33;5.243;58.0;3154965435;3.4;0;0.470008
23595619;buckets;tcn814;2026-06-09 04:17:27 2026-06-09 04:17:33;5.209;58.0;3177780251;3.4;0;0.465774
23595618;buckets;tcn814;2026-06-09 04:17:26 2026-06-09 04:17:33;6.494;261.3;3123709316;2.7;0;0.471433
23595617;buckets;tcn734;2026-06-09 04:17:25 2026-06-09 04:17:30;5.313;209.0;3128690861;3.3;0;0.474575
23595616;buckets;tcn729;2026-06-09 04:17:27 2026-06-09 04:17:34;6.196;220.0;3165266407;2.9;0;0.469399
23595615;buckets;tcn729;2026-06-09 04:17:27 2026-06-09 04:17:34;6.200;220.0;3164386743;2.9;0;0.474700
23595614;buckets;tcn729;2026-06-09 04:17:27 2026-06-09 04:17:33;5.196;88.0;3190153200;3.4;0;0.471757
23595613;buckets;tcn729;2026-06-09 04:17:26 2026-06-09 04:17:33;5.251;88.0;3144859923;3.4;0;0.481797
23595612;buckets;tcn729;2026-06-09 04:17:26 2026-06-09 04:17:31;3.801;142.0;3174980215;4.7;0;0.476339
23595611;buckets;tcn729;2026-06-09 04:17:26 2026-06-09 04:17:33;5.230;88.0;3197212964;3.4;0;0.468615
23595610;buckets;tcn679;2026-06-09 04:17:25 2026-06-09 04:17:29;3.206;573.3;3127284928;5.5;0;0.465730
23595609;buckets;tcn671;2026-06-09 04:17:25 2026-06-09 04:17:30;4.848;723.0;3162629464;3.6;0;0.466532
23595532;buckets;tcn733;2026-06-09 04:09:55 2026-06-09 04:09:56;0.629;0.0;1617432935;21.5;0;0.565225
23595531;buckets;tcn733;2026-06-09 04:09:55 2026-06-09 04:09:57;1.638;218.9;1617255394;8.3;0;0.575918
23595530;buckets;tcn729;2026-06-09 04:09:55 2026-06-09 04:09:57;1.643;371.0;1607252868;8.2;0;0.571053
23595529;buckets;tcn729;2026-06-09 04:09:55 2026-06-09 04:09:56;0.599;0.0;1644912434;22.6;0;0.565461
23595528;buckets;tcn729;2026-06-09 04:09:55 2026-06-09 04:09:58;2.631;0.0;1602544211;5.1;0;0.585150
23595527;buckets;tcn729;2026-06-09 04:09:55 2026-06-09 04:09:59;3.619;1000.0;1593221452;3.7;0;0.577828
23595526;buckets;tcn724;2026-06-09 04:09:55 2026-06-09 04:09:59;3.564;511.0;1629037341;3.8;0;0.568201
23595525;buckets;tcn724;2026-06-09 04:09:55 2026-06-09 04:09:58;3.576;255.0;1636133530;3.8;0;0.565124
23595524;buckets;tcn671;2026-06-09 04:09:55 2026-06-09 04:09:56;0.574;479.4;1636404153;23.6;0;0.564243
23595523;buckets;tcn814;2026-06-09 04:09:25 2026-06-09 04:09:27;2.495;397.9;1611428947;5.4;0;0.591542
23595522;buckets;tcn734;2026-06-09 04:09:26 2026-06-09 04:09:30;3.564;578.0;1605524467;3.8;0;0.574534
23595521;buckets;tcn734;2026-06-09 04:09:25 2026-06-09 04:09:30;3.613;151.0;1633219932;3.7;0;0.565665
23595520;buckets;tcn734;2026-06-09 04:09:26 2026-06-09 04:09:28;1.603;102.0;1634851626;8.4;0;0.563257
23595519;buckets;tcn734;2026-06-09 04:09:25 2026-06-09 04:09:26;0.655;0.0;1598477549;20.6;0;0.581861
23595518;buckets;tcn733;2026-06-09 04:09:25 2026-06-09 04:09:28;2.963;0.0;1612670368;4.6;0;0.587659
23595517;buckets;tcn733;2026-06-09 04:09:25 2026-06-09 04:09:27;1.991;160.0;1668829790;6.8;0;0.564072
23595516;buckets;tcn733;2026-06-09 04:09:24 2026-06-09 04:09:29;4.223;162.0;1653748703;3.2;0;0.581500
23595515;buckets;tcn733;2026-06-09 04:09:25 2026-06-09 04:09:29;4.199;162.0;1637583981;3.2;0;0.589832
23595514;buckets;tcn729;2026-06-09 04:09:25 2026-06-09 04:09:26;0.937;0.0;1624321731;14.4;0;0.576272
23595513;buckets;tcn729;2026-06-09 04:09:24 2026-06-09 04:09:27;2.193;194.0;1586958665;6.2;0;0.604434
23595512;buckets;tcn729;2026-06-09 04:09:25 2026-06-09 04:09:29;3.956;0.0;1614152263;3.4;0;0.586869
23595511;buckets;tcn729;2026-06-09 04:09:25 2026-06-09 04:09:29;4.174;276.0;1610355776;3.2;0;0.592845
23595510;buckets;tcn724;2026-06-09 04:09:24 2026-06-09 04:09:27;3.000;0.0;1598258677;4.5;0;0.589207
23595509;buckets;tcn724;2026-06-09 04:09:24 2026-06-09 04:09:25;1.045;289.0;1679548724;12.9;0;0.563706
23595508;buckets;tcn671;2026-06-09 04:09:25 2026-06-09 04:09:27;1.969;679.2;1644211249;6.9;0;0.574518
23595507;buckets;tcn669;2026-06-09 04:09:24 2026-06-09 04:09:25;1.005;452.5;1604803415;13.5;0;0.581676
23595502;buckets;tcn734;2026-06-09 04:06:24 2026-06-09 04:06:29;3.970;190.0;1610708219;3.4;0;0.591021
23595501;buckets;tcn734;2026-06-09 04:06:25 2026-06-09 04:06:29;3.646;0.0;1625788646;3.7;0;0.573362
23595500;buckets;tcn734;2026-06-09 04:06:25 2026-06-09 04:06:26;0.646;0.0;1611180310;21.0;0;0.578209
23595499;buckets;tcn734;2026-06-09 04:06:25 2026-06-09 04:06:27;1.613;150.0;1619137754;8.4;0;0.575072
23595498;buckets;tcn733;2026-06-09 04:06:25 2026-06-09 04:06:27;2.042;80.0;1624076880;6.6;0;0.579230
23595497;buckets;tcn733;2026-06-09 04:06:24 2026-06-09 04:06:27;2.074;0.0;1615734024;6.5;0;0.580689
23595496;buckets;tcn733;2026-06-09 04:06:25 2026-06-09 04:06:29;4.024;318.0;1625304389;3.4;0;0.584800
23595495;buckets;tcn733;2026-06-09 04:06:25 2026-06-09 04:06:29;4.030;318.0;1621421933;3.4;0;0.596753
23595494;buckets;tcn729;2026-06-09 04:06:25 2026-06-09 04:06:29;3.938;563.0;1664142974;3.4;0;0.583405
23595493;buckets;tcn729;2026-06-09 04:06:24 2026-06-09 04:06:29;3.968;376.0;1646589658;3.4;0;0.573112
23595492;buckets;tcn729;2026-06-09 04:06:26 2026-06-09 04:06:29;2.581;0.0;1663127984;5.3;0;0.563816
23595491;buckets;tcn729;2026-06-09 04:06:24 2026-06-09 04:06:29;3.910;563.0;1648850549;3.5;0;0.574511
23595490;buckets;tcn724;2026-06-09 04:06:24 2026-06-09 04:06:25;0.674;786.6;1621584434;20.1;0;0.572197
23595482;buckets;tcn733;2026-06-09 04:09:55 2026-06-09 04:09:56;0.624;0.0;1590271375;21.7;0;0.584873
23595473;buckets;tcn734;2026-06-09 04:04:57 2026-06-09 04:05:01;3.890;573.0;1632297754;3.5;0;0.582246
23595472;buckets;tcn734;2026-06-09 04:05:01 2026-06-09 04:05:02;0.571;232.0;1616313978;23.7;0;0.581098
23595471;buckets;tcn733;2026-06-09 04:04:58 2026-06-09 04:05:03;4.937;441.0;1675670937;2.7;0;0.582449
23595470;buckets;tcn733;2026-06-09 04:04:57 2026-06-09 04:05:01;3.127;0.0;1626703383;4.3;0;0.609591
23595469;buckets;tcn733;2026-06-09 04:04:57 2026-06-09 04:05:00;2.337;84.0;1606264729;5.8;0;0.606989
23595468;buckets;tcn733;2026-06-09 04:04:58 2026-06-09 04:05:00;2.153;83.0;1636127210;6.3;0;0.601755
23595467;buckets;tcn729;2026-06-09 04:04:56 2026-06-09 04:05:02;5.069;282.0;1639883080;2.7;0;0.607177
23595466;buckets;tcn729;2026-06-09 04:04:57 2026-06-09 04:05:02;4.364;302.0;1688956429;3.1;0;0.576346
23595465;buckets;tcn729;2026-06-09 04:04:56 2026-06-09 04:05:01;4.144;138.0;1639056007;3.3;0;0.606881
23595464;buckets;tcn729;2026-06-09 04:04:58 2026-06-09 04:05:01;2.913;0.0;1607956408;4.7;0;0.583421
23595463;buckets;tcn724;2026-06-09 04:04:57 2026-06-09 04:05:00;3.284;526.0;1607745339;4.1;0;0.591497
23595462;buckets;tcn724;2026-06-09 04:04:56 2026-06-09 04:04:59;2.289;0.0;1667105447;5.9;0;0.588300
23595461;buckets;tcn671;2026-06-09 04:04:54 2026-06-09 04:04:56;1.570;432.6;1652254355;8.6;0;0.564485
23595455;buckets;tcn734;2026-06-09 04:09:25 2026-06-09 04:09:27;1.602;77.0;1599797807;8.4;0;0.584860
23595403;buckets;tcn734;2026-06-09 04:58:30 2026-06-09 04:58:34;4.250;297.0;7772785481;7.1;0;0.384335
23595389;buckets;tcn733;2026-06-09 04:56:30 2026-06-09 04:56:34;3.633;309.0;7767961036;8.3;0;0.380496
23595375;buckets;tcn734;2026-06-09 04:06:25 2026-06-09 04:06:29;3.681;188.0;1666504031;3.7;0;0.562456
23595361;buckets;tcn734;2026-06-09 04:04:57 2026-06-09 04:05:01;3.184;145.0;1597937316;4.3;0;0.591376
23595346;buckets;tcn814;2026-06-09 04:17:55 2026-06-09 04:17:57;0.973;0.0;3174875255;18.2;0;0.451214
23595331;buckets;tcn814;2026-06-09 04:17:27 2026-06-09 04:17:33;5.199;58.0;3191363378;3.4;0;0.467902
23595312;buckets;tcn1011;2026-06-09 03:57:50 2026-06-09 03:57:52;1.963;295.3;1639099066;6.9;0;0.567219
23595311;buckets;tcn1008;2026-06-09 03:57:50 2026-06-09 03:57:54;3.941;113.7;1639663953;3.4;0;0.569524
23595310;buckets;tcn1007;2026-06-09 03:57:50 2026-06-09 03:57:53;2.982;249.8;1644102938;4.5;0;0.569865
23595309;buckets;tcn1005;2026-06-09 03:57:50 2026-06-09 03:57:52;1.797;319.3;1649927331;7.5;0;0.565322
23595308;buckets;tcn1000;2026-06-09 03:57:49 2026-06-09 03:57:52;2.797;144.7;1680950933;4.8;0;0.560225
23595307;buckets;tcn993;2026-06-09 03:57:49 2026-06-09 03:57:52;2.816;340.3;1628640566;4.8;0;0.584606
23595306;buckets;tcn989;2026-06-09 03:57:50 2026-06-09 03:57:54;3.806;259.4;1649942655;3.6;0;0.575689
23595305;buckets;tcn1187;2026-06-09 03:57:50 2026-06-09 03:57:52;1.812;164.2;1614038595;7.5;0;0.582256
23595304;buckets;tcn1185;2026-06-09 03:57:50 2026-06-09 03:57:52;1.771;323.9;1616263850;7.6;0;0.577440
23595303;buckets;tcn1046;2026-06-09 03:57:50 2026-06-09 03:57:52;1.798;262.2;1643019297;7.5;0;0.564246
23595302;buckets;tcn1040;2026-06-09 03:57:50 2026-06-09 03:57:53;2.755;292.4;1631371482;4.9;0;0.570576
23595301;buckets;tcn860;2026-06-09 03:57:50 2026-06-09 03:57:51;0.765;382.2;1629220412;17.7;0;0.573600
23595300;buckets;tcn814;2026-06-09 03:57:49 2026-06-09 03:57:51;1.772;299.7;1648771748;7.6;0;0.570810
23595296;buckets;tcn1000;2026-06-09 03:56:19 2026-06-09 03:56:21;1.504;392.2;7707116237;20.0;0;0.381994
23595295;buckets;tcn993;2026-06-09 03:56:19 2026-06-09 03:56:21;1.494;290.6;7721694077;20.1;0;0.382301
23595294;buckets;tcn989;2026-06-09 03:56:19 2026-06-09 03:56:22;2.503;226.6;7783282893;12.0;0;0.383911
23595293;buckets;tcn1187;2026-06-09 03:56:19 2026-06-09 03:56:21;1.484;212.8;7688587226;20.2;0;0.386357
23595292;buckets;tcn1185;2026-06-09 03:56:19 2026-06-09 03:56:23;3.520;159.4;7719933141;8.5;0;0.387915
23595291;buckets;tcn1046;2026-06-09 03:56:19 2026-06-09 03:56:22;2.612;479.9;7756097064;11.5;0;0.378755
23595290;buckets;tcn1040;2026-06-09 03:56:19 2026-06-09 03:56:24;4.491;174.4;7711505621;6.7;0;0.384300
23595289;buckets;tcn860;2026-06-09 03:56:19 2026-06-09 03:56:20;1.439;207.5;7727605362;20.9;0;0.386489
23595288;buckets;tcn814;2026-06-09 03:56:19 2026-06-09 03:56:23;3.598;331.2;7702667408;8.4;0;0.381081
23595285;buckets;tcn1020;2026-06-09 03:55:50 2026-06-09 03:55:52;1.980;300.8;7718560596;15.2;0;0.384347
23595284;buckets;tcn1017;2026-06-09 03:55:51 2026-06-09 03:55:54;2.652;198.9;7745752370;11.3;0;0.390566
23595283;buckets;tcn1016;2026-06-09 03:55:50 2026-06-09 03:55:55;4.360;391.1;7679873517;6.9;0;0.390660
23595282;buckets;tcn1014;2026-06-09 03:55:53 2026-06-09 03:55:58;4.824;222.0;7759266541;6.2;0;0.387351
23595281;buckets;tcn1008;2026-06-09 03:55:49 2026-06-09 03:55:54;4.732;131.5;7684451879;6.4;0;0.387012
23595280;buckets;tcn1007;2026-06-09 03:55:49 2026-06-09 03:55:51;1.750;352.7;7772883461;17.2;0;0.382059
23595279;buckets;tcn1005;2026-06-09 03:55:49 2026-06-09 03:55:53;3.729;296.5;7746407501;8.1;0;0.383115
23595278;buckets;tcn1000;2026-06-09 03:55:49 2026-06-09 03:55:52;2.710;352.4;7748429166;11.1;0;0.383455
23595277;buckets;tcn993;2026-06-09 03:55:49 2026-06-09 03:55:53;3.776;128.4;7757592963;8.0;0;0.386777
23595276;buckets;tcn989;2026-06-09 03:55:49 2026-06-09 03:55:52;2.847;338.6;7790994723;10.6;0;0.388172
23595275;buckets;tcn1187;2026-06-09 03:55:49 2026-06-09 03:55:53;3.694;274.5;7787592639;8.1;0;0.382256
23595274;buckets;tcn1185;2026-06-09 03:55:49 2026-06-09 03:55:53;3.759;260.3;7731496677;8.0;0;0.392167
23595273;buckets;tcn1046;2026-06-09 03:55:49 2026-06-09 03:55:52;2.713;285.5;7804030137;11.1;0;0.382385
23595272;buckets;tcn1040;2026-06-09 03:55:49 2026-06-09 03:55:52;2.750;316.2;7770454223;10.9;0;0.381503
23595271;buckets;tcn860;2026-06-09 03:55:49 2026-06-09 03:55:53;3.806;106.1;7738794811;7.9;0;0.390792
23595270;buckets;tcn814;2026-06-09 03:55:49 2026-06-09 03:55:51;1.717;173.4;7750044265;17.5;0;0.385889
23595269;buckets;tcn763;2026-06-09 03:55:49 2026-06-09 03:55:53;3.788;122.7;7756238711;7.9;0;0.385074
23595260;buckets;tcn1012;2026-06-09 03:57:50 2026-06-09 03:57:51;1.039;274.3;1614561287;13.0;0;0.588620
23595246;buckets;tcn1011;2026-06-09 03:51:20 2026-06-09 03:51:23;3.278;180.8;1595021884;4.1;0;0.589711
23595245;buckets;tcn1008;2026-06-09 03:51:20 2026-06-09 03:51:25;4.744;140.2;1582360305;2.9;0;0.613910
23595244;buckets;tcn1007;2026-06-09 03:51:19 2026-06-09 03:51:22;2.250;180.3;1640015402;6.0;0;0.583637
23595243;buckets;tcn1005;2026-06-09 03:51:19 2026-06-09 03:51:24;4.236;192.7;1656849895;3.2;0;0.577392
23595242;buckets;tcn1000;2026-06-09 03:51:20 2026-06-09 03:51:21;1.186;248.0;1585588993;11.4;0;0.604957
23595241;buckets;tcn993;2026-06-09 03:51:19 2026-06-09 03:51:20;0.851;225.6;1633116896;15.9;0;0.575114
23595240;buckets;tcn989;2026-06-09 03:51:20 2026-06-09 03:51:22;1.780;208.1;1588049951;7.6;0;0.616914
23595239;buckets;tcn1187;2026-06-09 03:51:19 2026-06-09 03:51:23;3.046;232.3;1643917060;4.4;0;0.574952
23595238;buckets;tcn1185;2026-06-09 03:51:19 2026-06-09 03:51:22;2.796;336.2;1636410022;4.8;0;0.575381
23595237;buckets;tcn1046;2026-06-09 03:51:20 2026-06-09 03:51:22;1.252;250.4;1634354014;10.8;0;0.586583
23595236;buckets;tcn1040;2026-06-09 03:51:20 2026-06-09 03:51:23;3.212;182.5;1654330491;4.2;0;0.575005
23595235;buckets;tcn590;2026-06-09 03:51:19 2026-06-09 03:51:22;2.807;244.2;1594849444;4.8;0;0.585521
23595234;buckets;tcn586;2026-06-09 03:51:19 2026-06-09 03:51:20;0.836;223.2;1634754231;16.2;0;0.572871
23595208;buckets;tcn1012;2026-06-09 03:51:19 2026-06-09 03:51:22;2.816;247.6;1648291326;4.8;0;0.567606
23595032;buckets;tcn1020;2026-06-09 03:16:15 2026-06-09 03:16:17;1.408;214.5;3175004321;12.6;0;0.454065
23595031;buckets;tcn1012;2026-06-09 03:16:16 2026-06-09 03:16:20;3.466;161.1;3169716745;5.1;0;0.460918
23595030;buckets;tcn993;2026-06-09 03:16:16 2026-06-09 03:16:21;4.449;214.7;3152421289;4.0;0;0.462114
23595029;buckets;tcn1134;2026-06-09 03:16:17 2026-06-09 03:16:22;4.949;209.2;3107171601;3.6;0;0.477782
23595028;buckets;tcn1131;2026-06-09 03:16:17 2026-06-09 03:16:21;3.140;248.3;3162687972;5.6;0;0.472462
23595027;buckets;tcn1130;2026-06-09 03:16:17 2026-06-09 03:16:23;5.277;206.0;3144474577;3.4;0;0.476569
23595026;buckets;tcn586;2026-06-09 03:16:15 2026-06-09 03:16:19;4.048;204.2;3139258700;4.4;0;0.458672
23595025;buckets;tcn943;2026-06-09 03:15:47 2026-06-09 03:15:52;4.913;269.9;3182776045;3.6;0;0.465331
23595024;buckets;tcn935;2026-06-09 03:15:47 2026-06-09 03:15:53;5.092;235.8;3171439237;3.5;0;0.466035
23595023;buckets;tcn932;2026-06-09 03:15:45 2026-06-09 03:15:48;3.111;197.6;3128752944;5.7;0;0.479188
23595022;buckets;tcn923;2026-06-09 03:15:45 2026-06-09 03:15:50;4.154;264.2;3184071367;4.3;0;0.454724
23595021;buckets;tcn895;2026-06-09 03:15:45 2026-06-09 03:15:48;2.990;243.3;3177558608;5.9;0;0.454006
23595020;buckets;tcn892;2026-06-09 03:15:47 2026-06-09 03:15:51;4.106;212.1;3119842833;4.3;0;0.480526
23595018;buckets;tcn895;2026-06-09 03:15:17 2026-06-09 03:15:23;5.054;143.5;3166289420;3.5;0;0.465238
23595017;buckets;tcn1027;2026-06-09 03:15:15 2026-06-09 03:15:19;3.872;252.0;3126105721;4.6;0;0.459507
23595016;buckets;tcn586;2026-06-09 03:15:15 2026-06-09 03:15:18;1.990;293.3;3113162083;8.9;0;0.484606
23595012;buckets;tcn1027;2026-06-09 03:14:46 2026-06-09 03:14:50;3.412;160.1;3168791757;5.2;0;0.462579
23595011;buckets;tcn923;2026-06-09 03:14:45 2026-06-09 03:14:47;2.099;224.8;3142821926;8.4;0;0.461319
23595009;buckets;tcn923;2026-06-09 03:14:15 2026-06-09 03:14:17;1.821;297.5;3155297260;9.7;0;0.454457
23595007;buckets;tcn1143;2026-06-09 03:13:45 2026-06-09 03:13:47;1.487;408.3;3136030229;11.9;0;0.458787
23595006;buckets;tcn923;2026-06-09 03:13:45 2026-06-09 03:13:48;3.120;201.9;3121904944;5.7;0;0.471042
23595000;buckets;tcn1004;2026-06-09 03:12:45 2026-06-09 03:12:47;1.993;278.5;3122097730;8.9;0;0.463030
23594999;buckets;tcn923;2026-06-09 03:12:45 2026-06-09 03:12:46;0.849;224.5;3159749887;20.8;0;0.456784
23594997;buckets;tcn1004;2026-06-09 03:12:15 2026-06-09 03:12:18;2.891;290.5;3160531220;6.1;0;0.452333
23594996;buckets;tcn923;2026-06-09 03:12:15 2026-06-09 03:12:16;1.183;259.5;3157441677;14.9;0;0.455995
23594993;buckets;tcn1004;2026-06-09 03:11:45 2026-06-09 03:11:48;3.273;164.9;3127849748;5.4;0;0.461259
23594991;buckets;tcn1187;2026-06-09 03:08:44 2026-06-09 03:08:46;1.869;279.2;1586202255;7.2;0;0.585026
23594990;buckets;tcn923;2026-06-09 03:08:44 2026-06-09 03:08:48;3.906;246.9;1646559295;3.5;0;0.569775
23594989;buckets;tcn1010;2026-06-09 03:08:15 2026-06-09 03:08:17;1.985;244.7;1613812120;6.8;0;0.584834
23594988;buckets;tcn1004;2026-06-09 03:08:15 2026-06-09 03:08:16;0.966;304.9;1612297585;14.0;0;0.577336
23594987;buckets;tcn1187;2026-06-09 03:08:15 2026-06-09 03:08:19;3.573;290.9;1613698642;3.8;0;0.571634
23594986;buckets;tcn923;2026-06-09 03:08:15 2026-06-09 03:08:16;0.572;226.5;1612627206;23.6;0;0.574596
23594985;buckets;tcn1187;2026-06-09 03:07:44 2026-06-09 03:07:48;3.774;269.8;1615974252;3.6;0;0.580636
23594984;buckets;tcn923;2026-06-09 03:07:44 2026-06-09 03:07:45;0.789;227.7;1638833701;17.1;0;0.567759
23594978;buckets;tcn1187;2026-06-09 03:07:14 2026-06-09 03:07:18;3.574;297.4;1568722243;3.8;0;0.590039
23594977;buckets;tcn923;2026-06-09 03:07:14 2026-06-09 03:07:17;2.561;450.2;1653328277;5.3;0;0.564744
23594975;buckets;tcn1187;2026-06-09 03:06:44 2026-06-09 03:06:45;0.802;223.8;1608375431;16.9;0;0.581064
23594974;buckets;tcn923;2026-06-09 03:06:44 2026-06-09 03:06:48;3.798;134.2;1598709999;3.6;0;0.583804
23594971;buckets;tcn1187;2026-06-09 03:06:14 2026-06-09 03:06:15;0.605;222.8;1649777760;22.3;0;0.561772
23594967;buckets;tcn923;2026-06-09 03:05:44 2026-06-09 03:05:46;1.564;201.2;1628741260;8.6;0;0.572505
23594966;buckets;tcn1187;2026-06-09 03:05:14 2026-06-09 03:05:15;0.556;581.8;1637750435;24.3;0;0.564898
23594965;buckets;tcn923;2026-06-09 03:05:14 2026-06-09 03:05:17;2.786;240.9;1628806251;4.9;0;0.573290
23594963;buckets;tcn1187;2026-06-09 03:04:44 2026-06-09 03:04:47;2.819;295.4;1642610192;4.8;0;0.571857
23594962;buckets;tcn923;2026-06-09 03:04:44 2026-06-09 03:04:45;1.601;339.2;1625149308;8.4;0;0.573383
23594961;buckets;tcn1187;2026-06-09 03:04:14 2026-06-09 03:04:18;3.568;284.0;1627899078;3.8;0;0.566427
23594960;buckets;tcn923;2026-06-09 03:04:14 2026-06-09 03:04:17;2.853;243.7;1615163273;4.7;0;0.580193
23594959;buckets;tcn1187;2026-06-09 03:03:44 2026-06-09 03:03:45;0.806;224.0;1657187958;16.8;0;0.566252
23594958;buckets;tcn923;2026-06-09 03:03:44 2026-06-09 03:03:46;2.569;148.5;1605845126;5.3;0;0.577186
23594957;buckets;tcn1187;2026-06-09 03:03:14 2026-06-09 03:03:15;1.568;198.1;1596647161;8.6;0;0.579307
23594956;buckets;tcn923;2026-06-09 03:03:13 2026-06-09 03:03:16;2.597;176.5;1613696504;5.2;0;0.571117
23594955;buckets;tcn1187;2026-06-09 03:02:43 2026-06-09 03:02:45;0.992;325.9;1629560912;13.6;0;0.576203
23594954;buckets;tcn923;2026-06-09 03:02:46 2026-06-09 03:02:49;2.920;305.6;1627911747;4.6;0;0.598096
23594821;buckets;tcn1016;2026-06-09 02:53:14 2026-06-09 02:53:16;2.608;507.8;1614108901;5.2;0;0.575999
23594820;buckets;tcn1012;2026-06-09 02:53:14 2026-06-09 02:53:16;2.676;156.6;1637114567;5.1;0;0.572744
23594819;buckets;tcn1011;2026-06-09 02:53:14 2026-06-09 02:53:15;0.565;225.9;1629333431;24.0;0;0.571098
23594818;buckets;tcn1000;2026-06-09 02:53:14 2026-06-09 02:53:16;1.896;309.3;1649625737;7.2;0;0.579462
23594817;buckets;tcn993;2026-06-09 02:53:14 2026-06-09 02:53:15;0.588;225.1;1672492893;23.1;0;0.557358
23594816;buckets;tcn1046;2026-06-09 02:53:14 2026-06-09 02:53:17;3.681;263.6;1664203984;3.7;0;0.561388
23594815;buckets;tcn1040;2026-06-09 02:53:14 2026-06-09 02:53:15;0.582;221.9;1619077591;23.3;0;0.574002
23594814;buckets;tcn1185;2026-06-09 02:53:14 2026-06-09 02:53:16;2.654;394.4;1649533429;5.1;0;0.563686
23594813;buckets;tcn860;2026-06-09 02:53:14 2026-06-09 02:53:16;2.360;256.0;1681896293;5.7;0;0.590483
23594809;buckets;tcn1004;2026-06-09 03:08:44 2026-06-09 03:08:45;0.570;528.1;1638610738;23.7;0;0.564311
23594792;buckets;tcn1187;2026-06-09 03:05:44 2026-06-09 03:05:48;3.786;136.0;1639331435;3.6;0;0.570576
23594785;buckets;tcn891;2026-06-09 02:52:44 2026-06-09 02:52:50;5.841;277.6;1643052625;2.3;0;0.619382
23594784;buckets;tcn889;2026-06-09 02:52:44 2026-06-09 02:52:50;5.398;309.6;1656676562;2.5;0;0.615397
23594783;buckets;tcn888;2026-06-09 02:52:44 2026-06-09 02:52:53;8.526;185.3;1620272774;1.6;0;0.620773
23594782;buckets;tcn887;2026-06-09 02:52:44 2026-06-09 02:52:50;5.719;277.9;1607062743;2.4;0;0.630713
23594781;buckets;tcn1024;2026-06-09 02:52:44 2026-06-09 02:52:53;8.527;190.5;1648753854;1.6;0;0.613984
23594780;buckets;tcn1023;2026-06-09 02:52:44 2026-06-09 02:52:52;7.555;215.2;1636691396;1.8;0;0.610177
23594779;buckets;tcn1022;2026-06-09 02:52:44 2026-06-09 02:52:51;6.375;219.1;1706836811;2.1;0;0.606065
23594778;buckets;tcn1020;2026-06-09 02:52:44 2026-06-09 02:52:50;5.418;204.3;1633063897;2.5;0;0.613729
23594777;buckets;tcn1017;2026-06-09 02:52:44 2026-06-09 02:52:50;5.525;218.1;1663803076;2.5;0;0.611124
23594776;buckets;tcn1016;2026-06-09 02:52:43 2026-06-09 02:52:44;1.012;318.2;1652094388;13.4;0;0.568916
23594775;buckets;tcn1012;2026-06-09 02:52:43 2026-06-09 02:52:47;4.022;214.8;1641696805;3.4;0;0.571995
23594774;buckets;tcn1011;2026-06-09 02:52:43 2026-06-09 02:52:47;4.040;234.0;1663636749;3.4;0;0.564028
23594773;buckets;tcn1000;2026-06-09 02:52:43 2026-06-09 02:52:46;2.620;163.3;1633836516;5.2;0;0.572515
23594772;buckets;tcn993;2026-06-09 02:52:43 2026-06-09 02:52:47;4.030;268.8;1639413789;3.4;0;0.567217
23594771;buckets;tcn1046;2026-06-09 02:52:46 2026-06-09 02:52:52;6.114;217.8;1635369149;2.2;0;0.610073
23594770;buckets;tcn1040;2026-06-09 02:52:48 2026-06-09 02:52:51;2.687;189.2;1631934149;5.1;0;0.603485
23594769;buckets;tcn1185;2026-06-09 02:52:43 2026-06-09 02:52:46;2.741;326.6;1624735727;5.0;0;0.580849
23594685;buckets;tcn1005;2026-06-09 03:56:19 2026-06-09 03:56:23;3.512;161.3;7737103494;8.6;0;0.380443
23594657;buckets;tcn1011;2026-06-09 03:55:49 2026-06-09 03:55:51;1.736;203.7;7751066825;17.3;0;0.383792
23594614;buckets;tcn1017;2026-06-09 02:53:15 2026-06-09 02:53:16;0.601;522.8;1673385018;22.6;0;0.555459
23594585;buckets;tcn1027;2026-06-09 02:52:44 2026-06-09 02:52:51;6.549;271.2;1620876553;2.1;0;0.625794
23594569;buckets;tcn1027;2026-06-09 03:16:15 2026-06-09 03:16:18;2.917;257.5;3154172409;6.1;0;0.460413
23594554;buckets;tcn923;2026-06-09 03:15:15 2026-06-09 03:15:18;2.827;310.7;3198163140;6.3;0;0.451799
23036248;buckets;tcn651;2026-05-22 06:14:06 2026-05-22 06:14:23;16.742;288.1;7793318002;1.8;0;0.396729
23036247;buckets;tcn649;2026-05-22 06:14:06 2026-05-22 06:14:24;17.742;292.6;7839403497;1.7;0;0.388140
23036246;buckets;tcn648;2026-05-22 06:14:06 2026-05-22 06:14:23;17.620;269.4;7719438732;1.7;0;0.387692
23036245;buckets;tcn617;2026-05-22 06:14:06 2026-05-22 06:14:23;17.555;299.3;7782610777;1.7;0;0.393540
23036244;buckets;tcn606;2026-05-22 06:14:06 2026-05-22 06:14:23;17.376;294.2;7716373605;1.7;0;0.396275
23036243;buckets;tcn604;2026-05-22 06:14:06 2026-05-22 06:14:22;16.602;273.1;7720265801;1.8;0;0.390877
23036242;buckets;tcn1173;2026-05-22 06:14:06 2026-05-22 06:14:22;16.448;298.4;7743704917;1.8;0;0.383952
23036241;buckets;tcn1170;2026-05-22 06:14:06 2026-05-22 06:14:24;18.611;270.4;7739737817;1.6;0;0.403846
23036240;buckets;tcn1149;2026-05-22 06:14:06 2026-05-22 06:14:23;17.065;290.1;7739132181;1.8;0;0.388228
23036239;buckets;tcn1135;2026-05-22 06:14:06 2026-05-22 06:14:23;17.227;302.7;7698475157;1.7;0;0.394749
23036238;buckets;tcn1129;2026-05-22 06:14:06 2026-05-22 06:14:22;16.344;298.2;7686118829;1.8;0;0.387624
23036237;buckets;tcn1121;2026-05-22 06:14:06 2026-05-22 06:14:24;18.107;296.8;7745270853;1.7;0;0.394505
23036236;buckets;tcn1115;2026-05-22 06:14:06 2026-05-22 06:14:23;17.595;293.0;7793948640;1.7;0;0.386268
23035910;buckets;tcn679;2026-05-22 05:33:58 2026-05-22 05:34:13;13.898;284.5;3171220051;1.3;0;0.458776
23035909;buckets;tcn678;2026-05-22 05:33:58 2026-05-22 05:34:10;11.696;306.3;3180168063;1.5;0;0.464926
23035908;buckets;tcn794;2026-05-22 05:33:57 2026-05-22 05:34:11;13.502;262.7;3108156839;1.3;0;0.471929
23035907;buckets;tcn783;2026-05-22 05:33:55 2026-05-22 05:33:59;3.816;134.2;3172107841;4.6;0;0.454094
23035906;buckets;tcn765;2026-05-22 05:33:55 2026-05-22 05:33:57;1.828;176.7;3177015633;9.7;0;0.462141
23035905;buckets;tcn762;2026-05-22 05:33:57 2026-05-22 05:34:11;12.949;257.8;3136950705;1.4;0;0.454453
23035904;buckets;tcn744;2026-05-22 05:33:55 2026-05-22 05:33:59;3.785;167.8;3164053919;4.7;0;0.454161
23035903;buckets;tcn742;2026-05-22 05:33:55 2026-05-22 05:33:56;0.797;340.4;3193417424;22.2;0;0.451957
23035902;buckets;tcn953;2026-05-22 05:33:55 2026-05-22 05:34:10;14.942;309.2;3193609465;1.2;0;0.463928
23035895;buckets;tcn807;2026-05-22 05:33:28 2026-05-22 05:33:48;19.006;306.2;3182081186;0.9;0;0.461988
23035894;buckets;tcn803;2026-05-22 05:33:28 2026-05-22 05:33:47;18.701;303.6;3210755657;0.9;0;0.461064
23035893;buckets;tcn797;2026-05-22 05:33:28 2026-05-22 05:33:49;20.621;280.5;3155883182;0.9;0;0.461418
23035892;buckets;tcn796;2026-05-22 05:33:28 2026-05-22 05:33:48;19.601;298.7;3160461971;0.9;0;0.464267
23035891;buckets;tcn785;2026-05-22 05:33:28 2026-05-22 05:33:42;13.220;264.0;3177060994;1.3;0;0.461199
23035890;buckets;tcn783;2026-05-22 05:33:26 2026-05-22 05:33:30;4.503;181.0;3180605403;3.9;0;0.462486
23035889;buckets;tcn778;2026-05-22 05:33:28 2026-05-22 05:33:41;12.651;288.1;3154237813;1.4;0;0.462177
23035888;buckets;tcn777;2026-05-22 05:33:28 2026-05-22 05:33:39;10.876;290.4;3186282024;1.6;0;0.461154
23035887;buckets;tcn776;2026-05-22 05:33:29 2026-05-22 05:33:44;14.551;282.3;3137425609;1.2;0;0.463948
23035886;buckets;tcn769;2026-05-22 05:33:28 2026-05-22 05:33:42;13.365;292.0;3195603149;1.3;0;0.459657
23035885;buckets;tcn765;2026-05-22 05:33:26 2026-05-22 05:33:29;2.526;187.1;3192206550;7.0;0;0.458091
23035884;buckets;tcn764;2026-05-22 05:33:28 2026-05-22 05:33:43;14.631;273.3;3137791019;1.2;0;0.465473
23035883;buckets;tcn763;2026-05-22 05:33:28 2026-05-22 05:33:42;13.528;295.5;3219560797;1.3;0;0.456062
23035882;buckets;tcn762;2026-05-22 05:33:25 2026-05-22 05:33:32;6.655;260.8;3133721467;2.7;0;0.458930
23035881;buckets;tcn749;2026-05-22 05:33:26 2026-05-22 05:33:39;13.578;289.2;3176876736;1.3;0;0.457254
23035880;buckets;tcn744;2026-05-22 05:33:25 2026-05-22 05:33:29;4.058;252.1;3177304308;4.4;0;0.454456
23035879;buckets;tcn742;2026-05-22 05:33:26 2026-05-22 05:33:28;1.485;364.4;3159612547;11.9;0;0.463416
23035731;buckets;tcn682;2026-05-22 05:21:28 2026-05-22 05:21:42;13.173;260.4;1645197125;1.0;0;0.598025
23035730;buckets;tcn681;2026-05-22 05:21:27 2026-05-22 05:21:40;12.748;312.0;1635394317;1.1;0;0.619844
23035729;buckets;tcn680;2026-05-22 05:21:27 2026-05-22 05:21:41;13.411;286.8;1612755738;1.0;0;0.618180
23035728;buckets;tcn679;2026-05-22 05:21:28 2026-05-22 05:21:41;12.783;319.5;1638068101;1.1;0;0.600824
23035727;buckets;tcn678;2026-05-22 05:21:27 2026-05-22 05:21:39;12.422;286.6;1683781672;1.1;0;0.596546
23035726;buckets;tcn807;2026-05-22 05:21:25 2026-05-22 05:21:39;13.175;289.2;1628558837;1.0;0;0.603170
23035725;buckets;tcn803;2026-05-22 05:21:27 2026-05-22 05:21:42;14.112;270.4;1625660807;1.0;0;0.603474
23035724;buckets;tcn783;2026-05-22 05:21:23 2026-05-22 05:21:28;4.103;210.8;1619446768;3.3;0;0.573378
23035723;buckets;tcn765;2026-05-22 05:21:23 2026-05-22 05:21:25;1.710;190.8;1655532292;7.9;0;0.561873
23035722;buckets;tcn762;2026-05-22 05:21:23 2026-05-22 05:21:27;3.608;241.8;1648974640;3.8;0;0.558063
23035721;buckets;tcn757;2026-05-22 05:21:23 2026-05-22 05:21:28;4.600;250.7;1640015887;3.0;0;0.587985
23035720;buckets;tcn749;2026-05-22 05:21:26 2026-05-22 05:21:39;13.234;308.7;1637430928;1.0;0;0.568458
23035719;buckets;tcn743;2026-05-22 05:21:23 2026-05-22 05:21:27;3.240;224.1;1634872452;4.2;0;0.578172
23035713;buckets;tcn796;2026-05-22 05:20:58 2026-05-22 05:21:12;13.908;259.1;1648622218;1.0;0;0.598376
23035712;buckets;tcn794;2026-05-22 05:20:57 2026-05-22 05:21:11;13.234;264.1;1647292304;1.0;0;0.590843
23035711;buckets;tcn789;2026-05-22 05:21:00 2026-05-22 05:21:17;16.063;270.3;1610444743;0.8;0;0.604798
23035710;buckets;tcn785;2026-05-22 05:20:58 2026-05-22 05:21:11;12.838;311.0;1689407571;1.1;0;0.588103
23035709;buckets;tcn783;2026-05-22 05:20:57 2026-05-22 05:21:02;4.251;296.7;1611379107;3.2;0;0.606263
23035708;buckets;tcn778;2026-05-22 05:20:58 2026-05-22 05:21:13;14.472;268.5;1626002033;0.9;0;0.603125
23035707;buckets;tcn777;2026-05-22 05:20:58 2026-05-22 05:21:09;11.186;317.1;1632027553;1.2;0;0.595976
23035706;buckets;tcn776;2026-05-22 05:20:57 2026-05-22 05:21:11;12.908;293.9;1624374802;1.1;0;0.605401
23035705;buckets;tcn769;2026-05-22 05:20:57 2026-05-22 05:21:11;13.808;280.2;1645417712;1.0;0;0.596770
23035704;buckets;tcn765;2026-05-22 05:20:55 2026-05-22 05:20:57;2.223;185.1;1655263685;6.1;0;0.585422
23035703;buckets;tcn764;2026-05-22 05:20:58 2026-05-22 05:21:11;13.206;292.7;1647266151;1.0;0;0.597576
23035702;buckets;tcn763;2026-05-22 05:20:58 2026-05-22 05:21:11;12.888;295.8;1646540975;1.1;0;0.596510
23035701;buckets;tcn762;2026-05-22 05:20:55 2026-05-22 05:20:59;3.640;273.5;1608969990;3.7;0;0.599794
23035677;buckets;tcn652;2026-05-22 06:14:06 2026-05-22 06:14:21;14.892;258.8;7731131557;2.0;0;0.391565
23035624;buckets;tcn683;2026-05-22 05:21:27 2026-05-22 05:21:39;11.318;275.9;1601552685;1.2;0;0.610750
23035608;buckets;tcn797;2026-05-22 05:20:57 2026-05-22 05:21:10;13.281;293.1;1604094592;1.0;0;0.618907
23035590;buckets;tcn680;2026-05-22 05:33:58 2026-05-22 05:34:10;11.471;310.1;3206025974;1.5;0;0.464349
23035568;buckets;tcn789;2026-05-22 05:33:31 2026-05-22 05:33:47;15.669;263.7;3183650573;1.1;0;0.463271
23596400;cluster;tcn975;2026-06-09 06:41:14 2026-06-09 06:41:15;0.630;722.2;1668546955;21.5;0;0.564376
23595484;cluster;tcn724;2026-06-09 04:10:24 2026-06-09 04:10:28;3.641;339.5;1664383156;3.7;0;0.555508
23595457;cluster;tcn669;2026-06-09 04:09:55 2026-06-09 04:09:58;3.577;605.1;1668293974;3.8;0;0.548384
23595405;cluster;tcn667;2026-06-09 04:58:58 2026-06-09 04:59:02;3.651;647.4;1915972718;3.8;0;0.530254
23595391;cluster;tcn627;2026-06-09 04:56:58 2026-06-09 04:57:01;2.626;519.5;1893267521;5.3;0;0.534581
23595377;cluster;tcn669;2026-06-09 04:06:53 2026-06-09 04:06:55;1.873;525.7;1638549089;7.2;0;0.574742
23595363;cluster;tcn617;2026-06-09 04:05:23 2026-06-09 04:05:27;3.608;333.0;1635909993;3.7;0;0.570611
23595348;cluster;tcn734;2026-06-09 04:18:25 2026-06-09 04:18:26;0.926;0.0;1727284363;14.7;0;0.553088
23595333;cluster;tcn679;2026-06-09 04:17:55 2026-06-09 04:17:58;2.619;460.0;1700919796;5.2;0;0.553582
23595262;cluster;tcn814;2026-06-09 03:58:20 2026-06-09 03:58:21;1.574;170.5;1643411503;8.6;0;0.562126
23595210;cluster;tcn586;2026-06-09 03:51:48 2026-06-09 03:51:51;2.576;338.6;1672819163;5.3;0;0.554849
23594811;cluster;tcn586;2026-06-09 03:15:45 2026-06-09 03:15:49;3.653;138.3;1647212008;3.7;0;0.564344
23594794;cluster;tcn923;2026-06-09 03:10:44 2026-06-09 03:10:48;2.994;210.6;1598850808;4.5;0;0.601584
23594687;cluster;tcn814;2026-06-09 03:56:49 2026-06-09 03:56:50;1.080;264.1;1851645326;12.8;0;0.552956
23594659;cluster;tcn763;2026-06-09 03:56:19 2026-06-09 03:56:22;2.762;170.0;1901965202;5.0;0;0.528875
23594616;cluster;tcn1040;2026-06-09 02:53:42 2026-06-09 02:53:44;1.658;332.4;1611103862;8.2;0;0.573284
23594587;cluster;tcn1022;2026-06-09 02:53:14 2026-06-09 02:53:15;0.722;402.2;1653369262;18.7;0;0.560710
23594571;cluster;tcn1134;2026-06-09 03:16:45 2026-06-09 03:16:47;1.782;288.8;1692068079;7.6;0;0.556991
23594556;cluster;tcn892;2026-06-09 03:16:15 2026-06-09 03:16:17;1.851;280.0;1679363048;7.3;0;0.562560
23035679;cluster;tcn1031;2026-05-22 06:15:06 2026-05-22 06:15:13;6.903;216.1;1937883859;2.0;0;0.553432
23035626;cluster;tcn678;2026-05-22 05:22:26 2026-05-22 05:22:31;4.302;289.4;1610097779;3.1;0;0.594919
23035610;cluster;tcn697;2026-05-22 05:21:59 2026-05-22 05:22:07;7.754;321.8;1618036371;1.7;0;0.611980
23035592;cluster;tcn749;2026-05-22 05:34:58 2026-05-22 05:35:05;6.803;213.4;1711442853;2.0;0;0.567446
23035570;cluster;tcn744;2026-05-22 05:34:25 2026-05-22 05:34:35;9.801;238.9;1689404674;1.4;0;0.568390
23596402;filter;tcn975;2026-06-09 06:41:44 2026-06-09 06:41:58;13.548;663.3;83562698723;15.7;0;0.338249
23595486;filter;tcn734;2026-06-09 04:10:55 2026-06-09 04:11:29;33.342;237.0;2821744545;1.6;0;0.581228
23595459;filter;tcn679;2026-06-09 04:10:24 2026-06-09 04:10:29;4.937;681.0;2847445957;10.6;0;0.556885
23595407;filter;tcn627;2026-06-09 04:59:28 2026-06-09 05:00:19;50.596;687.2;323740143457;15.3;0;0.338269
23595393;filter;tcn627;2026-06-09 04:57:29 2026-06-09 04:58:18;49.382;718.2;324751188161;15.6;0;0.337184
23595379;filter;tcn666;2026-06-09 04:07:24 2026-06-09 04:07:26;2.409;0.0;3321409095;9.7;0;0.517891
23595365;filter;tcn617;2026-06-09 04:05:54 2026-06-09 04:05:55;1.332;569.0;3338573803;17.5;0;0.513350
23595350;filter;tcn666;2026-06-09 04:18:55 2026-06-09 04:19:10;14.894;403.3;83606093150;14.3;0;0.340455
23595335;filter;tcn733;2026-06-09 04:18:25 2026-06-09 04:19:01;35.724;434.5;83498193769;6.0;0;0.338562
23595264;filter;tcn590;2026-06-09 03:58:50 2026-06-09 03:58:52;2.699;300.9;2847309666;19.4;0;0.559986
23595212;filter;tcn586;2026-06-09 03:52:19 2026-06-09 03:52:20;1.492;372.8;2860593591;35.0;0;0.545662
23594822;filter;tcn932;2026-06-09 03:16:15 2026-06-09 03:16:19;3.736;138.4;2860338659;14.0;0;0.547735
23594796;filter;tcn1027;2026-06-09 03:15:45 2026-06-09 03:15:50;4.951;167.2;2917595527;10.6;0;0.545337
23594689;filter;tcn763;2026-06-09 03:57:19 2026-06-09 03:58:07;47.400;309.5;324438417088;16.3;0;0.335615
23594661;filter;tcn586;2026-06-09 03:56:49 2026-06-09 03:57:38;48.278;285.0;323754681674;16.0;0;0.335298
23594618;filter;tcn1040;2026-06-09 02:54:12 2026-06-09 02:54:19;6.726;209.4;3381521917;3.5;0;0.523033
23594589;filter;tcn860;2026-06-09 02:53:42 2026-06-09 02:53:44;1.661;390.9;3309838959;14.0;0;0.521219
23594573;filter;tcn1185;2026-06-09 03:17:16 2026-06-09 03:17:31;14.155;308.7;83472955116;15.1;0;0.337153
23594558;filter;tcn1130;2026-06-09 03:16:45 2026-06-09 03:17:00;14.435;292.8;83476136172;14.8;0;0.339010
23035681;filter;tcn1184;2026-05-22 06:15:35 2026-05-22 06:16:30;54.018;283.8;324243114347;14.3;0;0.336342
23035628;filter;tcn757;2026-05-22 05:22:54 2026-05-22 05:22:59;4.884;160.7;3347386528;4.8;0;0.520434
23035614;filter;tcn743;2026-05-22 05:22:54 2026-05-22 05:22:56;2.663;363.6;3329451384;8.8;0;0.515308
23035594;filter;tcn744;2026-05-22 05:35:28 2026-05-22 05:35:43;14.830;263.2;83617656468;14.4;0;0.338025
23035572;filter;tcn742;2026-05-22 05:34:55 2026-05-22 05:35:08;13.072;257.8;83812067206;16.3;0;0.337834
